slug,provider,offer,actionButtons,chain,technology,monitoringAndAnalytics,additionalFeatures,starred,availableApis,sdk,searchCapabilities,smartContractsVerifications,fullHistory,pricing,tag
beryx-calibnet,,!offer:beryx,,calibnet,,,,,,,,,,,
beryx-mainnet,,!offer:beryx,,mainnet,,,,,,,,,,,
bitquery-mainnet,,!offer:bitquery,"[""[Explore](https://explorer.bitquery.io/filecoin)""]",mainnet,,,,,,,,,,,
blockscout-calibnet,,!offer:blockscout,"[""[Explore](https://filecoin-testnet.blockscout.com/)"",""[Docs](https://docs.blockscout.com/)""]",calibnet,,,,,,,,,,,
blockscout-mainnet,,!offer:blockscout,"[""[Explore](https://filecoin.blockscout.com/)"",""[Docs](https://docs.blockscout.com/)""]",mainnet,,,,,,,,,,,
filfox-calibnet,,!offer:filfox,"[""[Explore](https://calibration.filfox.info/en)""]",calibnet,,,,,,,,,,,
filfox-mainnet,,!offer:filfox,,mainnet,,,,,,,,,,,
filscan-calibnet,,!offer:filscan,"[""[Explore](https://calibration.filscan.io/)""]",calibnet,,,,,,,,,,,
filscan-mainnet,,!offer:filscan,,mainnet,,,,,,,,,,,
starboard-mainnet,,!offer:starboard,,mainnet,,,,,,,,,,,
uviblock-calibnet,,!offer:uviblock,,calibnet,,,,,,,,,,,
uviblock-mainnet,,!offer:uviblock,,mainnet,,,,,,,,,,,
